{"loss": [0.00474838621513837, 0.004741970681910364, 0.0035715489359500335, 0.004376318296378092, 0.003718798714740895, 0.004784681325660988, 0.004364638620890214, 0.005279170608204998, 0.005580205354934782, 0.005599358960645974, 0.005891309803922931, 0.005596571794773101, 0.006449560790983837, 0.005622762902785001, 0.006855020529121358, 0.007108250834942682, 0.00645583813089238, 0.006599926647157158, 0.006965915205991615, 0.006525012811219501, 0.005925994266285059, 0.0065599539639817255, 0.005856427880120071, 0.005978798757499661, 0.005659585365143442, 0.0058655676101678125, 0.005641206801975659, 0.005666956987397796, 0.005077365223558663, 0.006114280542295602, 0.005518509621684888, 0.005408317910551727, 0.005643856783188086, 0.00502193882240209, 0.005321612107442854, 0.005234387228392734, 0.006146713344018986, 0.005191003484101453, 0.007087079908096177, 0.006190712801938833, 0.006341665447536047, 0.0054863837197494094, 0.005069865995557285, 0.005652313023971825, 0.005865047940585639, 0.0057404355496710425, 0.0057616117285850124, 0.005931643828925853, 0.005196927597870867, 0.005562282283460309, 0.0048185112017776945, 0.005183460611933478, 0.005905618050693089, 0.005504309966730849, 0.005621722258040036, 0.005209816125153148, 0.006067134172529411, 0.006103325291212272, 0.006330665033396511, 0.006095858860919655, 0.006401138993858794, 0.005529473723621801, 0.00566092947522428, 0.005167591552135876], "mae": [0.019125659559821626, 0.05162786315971365, 0.05198867634920649, 0.06799077091667942, 0.06774860599560895, 0.09289783255989886, 0.11538124854365985, 0.14412370962756021, 0.17720582315589953, 0.21057484194319298, 0.23101413269448123, 0.2608205698440177, 0.2994400077391092, 0.3073551771967342, 0.33640445827534704, 0.3445621160719231, 0.3522331868904842, 0.3877094630888122, 0.4146563249632595, 0.4356549521790275, 0.4731243651365776, 0.47992948933345514, 0.4924882748913685, 0.5199079964583163, 0.5453267694251837, 0.5700249552394686, 0.5825140291230967, 0.6061636381017708, 0.6264789128763993, 0.6532498501192511, 0.6784679171643726, 0.6811382325039697, 0.71074335998332, 0.7117887923846373, 0.7419709267189546, 0.775991026731208, 0.8007049590174915, 0.8054534864237928, 0.8311857214745353, 0.8439876076787017, 0.8649321431093079, 0.8704563043828081, 0.8767858713238805, 0.88758176888328, 0.901018946630656, 0.9045358177981799, 0.9219269844201895, 0.9377385423733637, 0.9439949095249176, 0.9577366708582425, 0.9498521184701089, 0.9575957455728428, 0.9836333626988291, 0.9842332990138561, 1.0076123472681955, 1.0356169075840163, 1.075430142494334, 1.0866736533159906, 1.0913776598240446, 1.0840318321395952, 1.0969144395924586, 1.1181900473820512, 1.1402859033449837, 1.1448332558245784], "mean_q": [0.03937895616102403, 0.1024758737018731, 0.10055142110670875, 0.12418462647619599, 0.1158784753976077, 0.15124741750807802, 0.17598222382957973, 0.21007112044917078, 0.2498541008414713, 0.28960935196555254, 0.3139102287704129, 0.3506679699345363, 0.3986244548183478, 0.4056065180784875, 0.44023472655451656, 0.44858224815084735, 0.45685018421403617, 0.49894585009820447, 0.5314098197391363, 0.5578321178754171, 0.6018028528906922, 0.6082231270649084, 0.6238553262920893, 0.6569383521839203, 0.6878710076469169, 0.7164575954416669, 0.732597932127238, 0.7600186015240623, 0.7831003544412457, 0.8165455462496265, 0.8468960327496801, 0.8505047633475864, 0.8859266473696782, 0.8854337458674972, 0.9218591621943882, 0.9625778774730861, 0.9919298786749849, 0.9968611680616544, 1.0283108641119565, 1.0435062828606105, 1.0691226873037627, 1.077475314436875, 1.0854822164541251, 1.0974856663540185, 1.1125435002459354, 1.1174046548107002, 1.1380526030905254, 1.15715539851952, 1.1659074276265964, 1.1832027307980904, 1.173604072555703, 1.1817675792129643, 1.2139444145663032, 1.2161609920588408, 1.2440798741091956, 1.2774550045950939, 1.325299079395637, 1.339514434337616, 1.344986233949144, 1.3351982076513789, 1.3512631751962896, 1.3787137146535564, 1.406932383775711, 1.4135731969253773], "mean_eps": [0.9749478750000001, 0.963555875, 0.9517745000000001, 0.9418955000000002, 0.9287012500000001, 0.9143500000000003, 0.89710625, 0.877871125, 0.8574790000000001, 0.8379657500000002, 0.8199098749999999, 0.8010974999999998, 0.7849439999999999, 0.7723950000000002, 0.7600573749999999, 0.7468853750000001, 0.7309766249999999, 0.7116080000000002, 0.6968451250000003, 0.6781884999999999, 0.649942125, 0.6275808750000001, 0.60376225, 0.5810227499999999, 0.5657481249999998, 0.5487046250000002, 0.5335301250000002, 0.5178772499999997, 0.499042625, 0.48186562499999985, 0.470762875, 0.4621521249999997, 0.44843500000000014, 0.43491812500000004, 0.4240267500000002, 0.41013162500000033, 0.39159737499999986, 0.3731187500000001, 0.36227187499999997, 0.3541839999999998, 0.331322125, 0.3037321250000001, 0.287289375, 0.27249312500000006, 0.2560503750000002, 0.24260025000000002, 0.22764825, 0.21173950000000002, 0.1984896249999999, 0.18470575000000009, 0.1703878750000001, 0.15456812500000006, 0.14040600000000003, 0.1293477500000001, 0.10880701637554421, 0.10000000000000091, 0.09999999999999769, 0.09999999999999887, 0.09999999999999895, 0.09999999999999834, 0.09999999999999828, 0.09999999999999842, 0.10000000000000094, 0.09999999999999817], "episode_reward": [11.0, 7.0, 6.0, 6.0, 12.0, 5.0, 14.0, 12.0, 22.0, 9.0, 10.0, 9.0, 10.0, 5.0, 10.0, 6.0, 22.0, 9.0, 11.0, 19.0, 19.0, 8.0, 15.0, 5.0, 17.0, 9.0, 9.0, 12.0, 16.0, 8.0, 6.0, 4.0, 9.0, 3.0, 7.0, 11.0, 21.0, 8.0, 1.0, 6.0, 29.0, 9.0, 6.0, 9.0, 14.0, 5.0, 12.0, 9.0, 14.0, 10.0, 10.0, 13.0, 11.0, 5.0, 19.0, 10.0, 28.0, 27.0, 14.0, 20.0, 17.0, 21.0, 5.0, 19.0], "nb_episode_steps": [853, 672, 387, 501, 685, 605, 945, 784, 1049, 705, 918, 773, 679, 449, 660, 524, 906, 835, 492, 1185, 1354, 656, 1485, 559, 814, 718, 646, 761, 932, 612, 386, 388, 845, 370, 609, 640, 1026, 635, 340, 387, 1668, 812, 666, 664, 814, 395, 949, 481, 710, 529, 758, 664, 609, 385, 1603, 531, 1269, 940, 922, 1062, 1079, 1043, 552, 1109], "nb_steps": [853, 1525, 1912, 2413, 3098, 3703, 4648, 5432, 6481, 7186, 8104, 8877, 9556, 10005, 10665, 11189, 12095, 12930, 13422, 14607, 15961, 16617, 18102, 18661, 19475, 20193, 20839, 21600, 22532, 23144, 23530, 23918, 24763, 25133, 25742, 26382, 27408, 28043, 28383, 28770, 30438, 31250, 31916, 32580, 33394, 33789, 34738, 35219, 35929, 36458, 37216, 37880, 38489, 38874, 40477, 41008, 42277, 43217, 44139, 45201, 46280, 47323, 47875, 48984], "episode": [0, 1, 2, 3, 4, 5, 6, 7, 8, 9, 10, 11, 12, 13, 14, 15, 16, 17, 18, 19, 20, 21, 22, 23, 24, 25, 26, 27, 28, 29, 30, 31, 32, 33, 34, 35, 36, 37, 38, 39, 40, 41, 42, 43, 44, 45, 46, 47, 48, 49, 50, 51, 52, 53, 54, 55, 56, 57, 58, 59, 60, 61, 62, 63], "duration": [49.354258400002436, 89.39814420000039, 47.65321660000336, 63.815229899999395, 85.70928080000158, 77.38240790000418, 124.77264250000007, 119.81128829999943, 159.85143110000354, 102.30003639999632, 131.6485474000001, 114.77057130000321, 104.9306138000029, 68.97236100000009, 95.75795179999841, 75.64384179999615, 131.4590098999979, 117.77191970000422, 74.18704609999986, 168.3174994000001, 191.03177320000395, 97.2755846, 211.55998510000063, 83.16648200000054, 110.5132525999943, 91.28409439999814, 84.11807229999977, 106.89454289999412, 132.69923049999488, 88.72656170000118, 63.262915400002385, 55.679059699999925, 120.68656500000361, 53.522010300002876, 87.54278639999393, 90.41092970000318, 143.85889060000045, 82.96269300000131, 44.59694199999649, 51.04195040000195, 246.4242269000024, 108.81344379999791, 88.32740460000059, 92.37733070000104, 108.1682684999978, 51.99753609999607, 126.89725200000248, 64.12742840000283, 95.06421100000443, 76.49984680000489, 100.80332089999865, 90.78133260000322, 81.51149420000002, 52.12085669999942, 215.1409191999992, 70.548163200001, 168.55857359999936, 123.25027009999758, 114.30631210000138, 135.89582050000172, 142.9797596999997, 137.2096201000022, 72.80131830000028, 140.1572096000018]}