{"loss": [0.004675749596586762, 0.002566330600529909, 0.003073157276958227, 0.003733593737706542, 0.003387409495189786, 0.0029194848611950874, 0.0038140281103551388, 0.003983728121966124, 0.003580146236345172, 0.0043824175372719765, 0.004021754488348961, 0.004418226890265942, 0.0043554529547691345, 0.004237000364810228, 0.00405180174857378, 0.004566192161291838, 0.004215863533318043, 0.004598667379468679, 0.004618709906935692, 0.0051933955401182175, 0.004191275220364332, 0.005526978988200426, 0.00489017041400075, 0.005525680724531412, 0.005251237191259861, 0.005692769307643175, 0.00609258096665144, 0.00578998401761055, 0.006625347770750523, 0.006022835616022348, 0.006948947906494141, 0.006268120836466551, 0.006932194344699383, 0.007037539035081863, 0.008252574130892754, 0.008077536709606647, 0.009759323671460152, 0.008297942578792572, 0.008223473094403744, 0.008094673976302147, 0.010093314573168755, 0.008143499493598938, 0.00834573432803154, 0.009029402397572994, 0.008749029599130154, 0.009282548911869526, 0.008637878112494946, 0.008404938504099846, 0.009084527380764484, 0.010417515411973, 0.009579307399690151, 0.010511813685297966, 0.010186244733631611, 0.00941423885524273, 0.010193372145295143, 0.009134544059634209, 0.009073328226804733, 0.010259193368256092, 0.011275993660092354, 0.010634705424308777, 0.010356699116528034, 0.010824713855981827, 0.010374222882091999, 0.009135064668953419, 0.010298277251422405, 0.009665336459875107, 0.01060350053012371, 0.010567352175712585, 0.010743566788733006, 0.010002790950238705, 0.01065359078347683, 0.011251222342252731], "mae": [0.026849332260562173, 0.0376485213637352, 0.0587443932890892, 0.0861632376909256, 0.10805556178092957, 0.11000324040651321, 0.1554740071296692, 0.18345265090465546, 0.2141898274421692, 0.24527275562286377, 0.297331303358078, 0.3665827512741089, 0.3730565309524536, 0.40765655040740967, 0.4419684410095215, 0.48250052332878113, 0.5129777193069458, 0.5482403635978699, 0.5839204788208008, 0.6207746267318726, 0.6160510182380676, 0.6972184777259827, 0.7012352347373962, 0.7346019744873047, 0.7537848949432373, 0.7913314700126648, 0.846955418586731, 0.9208391904830933, 0.9924415349960327, 1.015638828277588, 1.0617862939834595, 1.0636204481124878, 1.091938853263855, 1.116455316543579, 1.1726475954055786, 1.2211179733276367, 1.2556363344192505, 1.2657198905944824, 1.3148196935653687, 1.372633695602417, 1.4212040901184082, 1.4609084129333496, 1.4864249229431152, 1.5065603256225586, 1.5307607650756836, 1.5501185655593872, 1.5821192264556885, 1.5988011360168457, 1.6338783502578735, 1.6631296873092651, 1.691148281097412, 1.7838943004608154, 1.810636043548584, 1.8435850143432617, 1.8862717151641846, 1.9288201332092285, 1.9500104188919067, 1.950595736503601, 1.9892152547836304, 2.0100646018981934, 2.0261800289154053, 2.0080294609069824, 2.018517255783081, 2.0269174575805664, 2.0539183616638184, 2.05924916267395, 2.0539591312408447, 2.072845220565796, 2.1149659156799316, 2.132869243621826, 2.1648154258728027, 2.165022373199463], "mean_q": [0.05873105702946717, 0.08375222235918045, 0.12671807408332825, 0.18228955566883087, 0.22372284531593323, 0.22137901186943054, 0.2867010831832886, 0.316994845867157, 0.3575427532196045, 0.39589428901672363, 0.4602144658565521, 0.5497520565986633, 0.555107057094574, 0.5923659801483154, 0.6348342299461365, 0.68120276927948, 0.715842068195343, 0.7556244730949402, 0.798001766204834, 0.8380643725395203, 0.8325889706611633, 0.9345508813858032, 0.9388711452484131, 0.9781383275985718, 1.0017187595367432, 1.0436185598373413, 1.1090929508209229, 1.194970965385437, 1.2813581228256226, 1.3101511001586914, 1.3651525974273682, 1.3649413585662842, 1.3980576992034912, 1.429983139038086, 1.4967049360275269, 1.5530157089233398, 1.59412682056427, 1.603552222251892, 1.6629542112350464, 1.730899453163147, 1.7879406213760376, 1.8339447975158691, 1.8629956245422363, 1.8880608081817627, 1.9181687831878662, 1.9404196739196777, 1.9776498079299927, 1.9979280233383179, 2.036480188369751, 2.069714307785034, 2.1034576892852783, 2.2158308029174805, 2.2473065853118896, 2.2866992950439453, 2.336512804031372, 2.386258602142334, 2.4111812114715576, 2.4109320640563965, 2.4585161209106445, 2.48386812210083, 2.502413511276245, 2.4769623279571533, 2.490036964416504, 2.500014066696167, 2.5344650745391846, 2.5408945083618164, 2.5340027809143066, 2.5559072494506836, 2.605229139328003, 2.6253652572631836, 2.6651551723480225, 2.6643240451812744], "episode_reward": [16.0, 3.0, 12.0, 15.0, 2.0, 6.0, 8.0, 10.0, 5.0, 18.0, 19.0, 4.0, 3.0, 9.0, 7.0, 2.0, 12.0, 17.0, 14.0, 7.0, 7.0, 6.0, 2.0, 4.0, 15.0, 16.0, 18.0, 28.0, 12.0, 6.0, 6.0, 8.0, 5.0, 7.0, 21.0, 10.0, 6.0, 8.0, 17.0, 11.0, 5.0, 23.0, 9.0, 8.0, 12.0, 7.0, 7.0, 15.0, 17.0, 9.0, 9.0, 12.0, 5.0, 18.0, 16.0, 12.0, 7.0, 4.0, 6.0, 10.0, 5.0, 7.0, 10.0, 10.0, 11.0, 4.0, 3.0, 15.0, 25.0, 8.0, 12.0, 11.0], "nb_episode_steps": [1247, 331, 807, 850, 400, 392, 715, 524, 383, 953, 1357, 351, 348, 682, 528, 494, 873, 1012, 851, 494, 389, 656, 365, 347, 994, 950, 1011, 1527, 814, 411, 476, 506, 544, 616, 968, 779, 332, 784, 885, 808, 515, 888, 916, 664, 623, 483, 372, 865, 1203, 669, 900, 684, 540, 1016, 1089, 646, 538, 512, 394, 700, 378, 403, 691, 642, 558, 589, 480, 1119, 936, 504, 675, 510], "nb_steps": [1247, 1578, 2385, 3235, 3635, 4027, 4742, 5266, 5649, 6602, 7959, 8310, 8658, 9340, 9868, 10362, 11235, 12247, 13098, 13592, 13981, 14637, 15002, 15349, 16343, 17293, 18304, 19831, 20645, 21056, 21532, 22038, 22582, 23198, 24166, 24945, 25277, 26061, 26946, 27754, 28269, 29157, 30073, 30737, 31360, 31843, 32215, 33080, 34283, 34952, 35852, 36536, 37076, 38092, 39181, 39827, 40365, 40877, 41271, 41971, 42349, 42752, 43443, 44085, 44643, 45232, 45712, 46831, 47767, 48271, 48946, 49456], "episode": [0, 1, 2, 3, 4, 5, 6, 7, 8, 9, 10, 11, 12, 13, 14, 15, 16, 17, 18, 19, 20, 21, 22, 23, 24, 25, 26, 27, 28, 29, 30, 31, 32, 33, 34, 35, 36, 37, 38, 39, 40, 41, 42, 43, 44, 45, 46, 47, 48, 49, 50, 51, 52, 53, 54, 55, 56, 57, 58, 59, 60, 61, 62, 63, 64, 65, 66, 67, 68, 69, 70, 71], "duration": [539.0902141, 213.43830580000008, 515.4889425, 528.6296499999999, 247.96541649999995, 243.60203649999994, 443.69091290000006, 324.9910709999999, 238.00873679999995, 591.7764358999998, 841.2369753999997, 218.2888941000001, 216.2053433000001, 423.6115195000002, 329.7029086000002, 312.86564219999946, 542.3457304000003, 632.6873123000005, 542.0078694000003, 310.57946660000016, 242.75714440000047, 406.61462759999995, 225.59494059999997, 214.10515699999996, 613.0347612000005, 584.3725707999984, 660.2253342000004, 936.8537555000003, 543.7583207000007, 258.42123340000035, 296.48235229999955, 321.1542480999997, 355.0204785999995, 385.64517220000016, 604.1569939000001, 484.86551580000014, 207.24906889999875, 499.0021878999996, 555.7589727999984, 536.8650707000015, 365.2681965999982, 604.2261239999971, 603.9714428000007, 451.30077679999886, 433.6671270000006, 339.9518676000007, 264.7771944999986, 609.6743939000007, 845.099694200002, 436.53046149999864, 635.2967074999979, 458.8365570999995, 391.37698140000066, 680.4323027999999, 734.3906137999984, 449.58984150000106, 367.7593338000006, 329.236424499999, 252.41701180000018, 452.67794720000165, 240.1613209999996, 278.79051919999984, 448.11644969999907, 418.3514226999978, 349.9345652000011, 378.98958309999944, 308.2815706000001, 706.5362219000017, 588.7026335999981, 319.41195530000186, 435.5054596000009, 327.9353130999989]}