{"loss": [0.004448729266885712, 0.0029798201021841303, 0.0022812420881173825, 0.0014632207559321935, 0.0030243107428977742, 0.003030424891984285, 0.0021944542458119188, 0.002800739416116387, 0.002773223963398857, 0.0024564176493958906, 0.0030207395332912954, 0.003049092934571346, 0.003987765940168716, 0.0038793417417980593, 0.0026067692468198103, 0.003525173728285256, 0.002919173579270276, 0.0046340792027381615, 0.004281621212612663, 0.00503917236540777, 0.005171052608720104, 0.005017067049121231, 0.004905844175597853, 0.0066858971058259145, 0.005530045086095788, 0.006403230749380306, 0.00620220812516635, 0.00639601220872533, 0.00416081239532663, 0.006964946387699865, 0.00530987963824452, 0.005998224768706226, 0.00439813472003743, 0.0067052187410549125, 0.007572859947804392, 0.008409828908452896, 0.007304446680488279, 0.007408916878860664, 0.005584079625871222, 0.005496174090939964, 0.006871279661406125, 0.005435112952544136, 0.0037959860968151808, 0.0061912926808018465, 0.00638624903772343, 0.0045330569232472214, 0.0060371845663891805, 0.006288997280135616, 0.005881733583965169, 0.003965657342214608, 0.006695839620441281, 0.009014077489476502, 0.007869846136250263, 0.0070106050666166285, 0.00773521834281509, 0.013164414949905502, 0.009587167342512035, 0.008672286720793959, 0.01652663950708337, 0.008511132253395197, 0.004850041496057087, 0.009485368862893799, 0.01035939339953984, 0.011547346146858577, 0.010671607628178766, 0.00856314207287921, 0.011226924206402523, 0.013054861114850966, 0.00791497033416712, 0.007024385620142748, 0.01152116908242037, 0.012326737188160705, 0.011060174313029492, 0.010961347204538117, 0.008716934802048845, 0.011978829552548045, 0.011592801942851068, 0.010228241625455001], "mae": [0.04479607657525417, 0.0863613679335, 0.12655177604105575, 0.15260363344488473, 0.21505865800633958, 0.24662946508292116, 0.28810805394845523, 0.34546156088716884, 0.3954060299441149, 0.47742883434702205, 0.5366029502205948, 0.585793587036222, 0.679979132606376, 0.7836287261261199, 0.79549302252548, 0.9351910149737996, 0.9949299559806483, 1.0176632463341893, 1.0974081387170231, 1.1656850743474383, 1.2384715954001306, 1.306223466954072, 1.3928183502392468, 1.5202134177575704, 1.5240847703452423, 1.5574764418628568, 1.5796901504117116, 1.6419100097748411, 1.6405553464303937, 1.686316800404744, 1.7590484911462536, 1.8192515762840828, 1.8050371983764897, 1.9046535370301227, 1.9709190656014575, 1.9841332310881894, 2.008434117461244, 2.0611320991773865, 2.1419379595397174, 2.202260787102484, 2.174212822776861, 2.0919464753814596, 2.0735592051669283, 2.1968098080109972, 2.2950643366969388, 2.2487705674622673, 2.224825125042049, 2.24331306283162, 2.256822972726948, 2.0081180288873868, 2.338704896316928, 2.545569546957885, 2.565119631079179, 2.671400095185926, 2.736355241340927, 2.6745302530954467, 2.6156302030223952, 2.597276911271357, 2.706505070782076, 2.724377525659432, 2.6514350503746633, 2.700428825681125, 2.6073514775683484, 2.6448925271866814, 2.7810871290881733, 2.752261241277059, 2.8047548976325616, 2.8628127058399557, 2.786604645286781, 2.823066708669497, 2.904021467729048, 2.9468200038856183, 3.007993934541891, 2.982084377066603, 2.953098948670443, 2.9511416302829456, 2.7909460542132476, 2.8027107836543648], "mean_q": [0.09394220641690262, 0.17985089743864868, 0.23030903403978126, 0.27431458667488584, 0.35759511610354566, 0.39281947289699387, 0.4492681315481263, 0.5198615638197527, 0.5900602655924054, 0.6866398365425237, 0.7530798035265398, 0.806077016625449, 0.9373611393182174, 1.073275370483302, 1.0741034766885718, 1.2456248818038775, 1.3327701558320286, 1.342776659691688, 1.447338611460649, 1.5394214256243273, 1.6193770346689986, 1.7088949704844418, 1.8158466579293793, 1.9746953973583146, 1.964538089137211, 1.9956905857775125, 2.03227976656058, 2.0961444344089815, 2.1113694387569764, 2.1454169237948806, 2.2264905102356622, 2.3109020380469842, 2.295309703753885, 2.395006006469532, 2.47585788151113, 2.4941335467985217, 2.5289257125308118, 2.582391269669779, 2.685585321896318, 2.7725183317738193, 2.7346742469467715, 2.647876513255688, 2.633892665897404, 2.7617569988073125, 2.877669338594403, 2.844541959750378, 2.8235996383360065, 2.8545815732991584, 2.8726894731344843, 2.5681543739362693, 2.952027521158421, 3.185067780753051, 3.215942633906497, 3.3727109924439462, 3.4357082825672776, 3.347237007048145, 3.2795348466189584, 3.2448168068157184, 3.3633606065654384, 3.423120153039918, 3.391589777810233, 3.4348835169993492, 3.32500076914827, 3.3695421990894134, 3.5255885368202167, 3.487511534066427, 3.528692700477139, 3.5919716446371344, 3.513504966100057, 3.542143252543631, 3.6354863140799782, 3.686130309248834, 3.773871065184499, 3.7838596714353097, 3.7499826698706893, 3.749510922363061, 3.5615647280809197, 3.5759343999759996], "mean_eps": [0.9762717500000005, 0.9632888749999999, 0.9447879999999996, 0.9305479999999996, 0.9170867499999997, 0.9030025000000003, 0.8896191249999998, 0.8754681249999998, 0.8608164999999997, 0.8459868749999997, 0.8334935000000003, 0.8227467500000002, 0.8078392500000003, 0.7900837500000002, 0.77424175, 0.7553403750000001, 0.7365168750000002, 0.725058125, 0.711307625, 0.6947091249999999, 0.6797015000000003, 0.6633811249999999, 0.6457035, 0.6315747500000004, 0.6205164999999999, 0.6045855, 0.5891885, 0.573179625, 0.556247375, 0.5443658749999998, 0.5324287500000003, 0.51919, 0.50755325, 0.4983973750000001, 0.4885628750000001, 0.4775602499999997, 0.4677591249999997, 0.45895925000000004, 0.44675512499999975, 0.4304570000000001, 0.41294625000000024, 0.39403374999999996, 0.3778357499999999, 0.36616562500000027, 0.35242625000000044, 0.33548287499999996, 0.317104375, 0.29790262500000003, 0.275775, 0.2534916250000001, 0.2353245, 0.21792500000000006, 0.2046195, 0.19332762500000006, 0.18203575, 0.17056587499999998, 0.1590515000000001, 0.15084125000000007, 0.141307125, 0.12814625000000004, 0.11553050000000008, 0.10368259784283525, 0.10000000000000071, 0.10000000000000099, 0.10000000000000057, 0.10000000000000088, 0.1000000000000009, 0.09999999999999996, 0.10000000000000052, 0.10000000000000064, 0.10000000000000094, 0.10000000000000088, 0.10000000000000096, 0.1000000000000009, 0.10000000000000071, 0.10000000000000099, 0.10000000000000096, 0.09999999999999874], "episode_reward": [8.0, 12.0, 7.0, 7.0, 9.0, 8.0, 6.0, 10.0, 8.0, 6.0, 4.0, 9.0, 12.0, 11.0, 7.0, 15.0, 8.0, 5.0, 12.0, 6.0, 7.0, 10.0, 12.0, 6.0, 4.0, 13.0, 6.0, 14.0, 5.0, 7.0, 6.0, 9.0, 6.0, 5.0, 7.0, 6.0, 5.0, 8.0, 10.0, 7.0, 12.0, 12.0, 7.0, 6.0, 9.0, 10.0, 14.0, 13.0, 17.0, 16.0, 9.0, 11.0, 7.0, 7.0, 6.0, 13.0, 3.0, 5.0, 8.0, 13.0, 6.0, 13.0, 8.0, 12.0, 10.0, 4.0, 5.0, 11.0, 9.0, 3.0, 7.0, 5.0, 8.0, 6.0, 7.0, 7.0, 10.0, 13.0], "nb_episode_steps": [734, 934, 729, 551, 659, 607, 596, 676, 641, 692, 431, 535, 805, 791, 633, 1066, 626, 404, 832, 660, 689, 778, 811, 459, 535, 897, 487, 952, 570, 498, 575, 615, 431, 392, 492, 497, 384, 407, 690, 775, 799, 901, 555, 494, 741, 782, 870, 856, 1133, 870, 763, 801, 395, 620, 395, 636, 399, 339, 518, 665, 469, 649, 384, 630, 684, 504, 513, 757, 690, 346, 550, 497, 597, 515, 378, 623, 583, 966], "nb_steps": [734, 1668, 2397, 2948, 3607, 4214, 4810, 5486, 6127, 6819, 7250, 7785, 8590, 9381, 10014, 11080, 11706, 12110, 12942, 13602, 14291, 15069, 15880, 16339, 16874, 17771, 18258, 19210, 19780, 20278, 20853, 21468, 21899, 22291, 22783, 23280, 23664, 24071, 24761, 25536, 26335, 27236, 27791, 28285, 29026, 29808, 30678, 31534, 32667, 33537, 34300, 35101, 35496, 36116, 36511, 37147, 37546, 37885, 38403, 39068, 39537, 40186, 40570, 41200, 41884, 42388, 42901, 43658, 44348, 44694, 45244, 45741, 46338, 46853, 47231, 47854, 48437, 49403],