{"loss": [0.005963301293150516, 0.006341575737584511, 0.005764377632676518, 0.00573178883976724, 0.007650895477340663, 0.010320370569838254, 0.005639387638265532, 0.005401093176399809, 0.006513084475290018, 0.005914709552887589, 0.006732551575900423, 0.006395903671103377, 0.007682769189564685, 0.007833033552764847, 0.004591046626152346, 0.007765605037459226, 0.007253672985455581, 0.006337428103585768, 0.006095708876975405, 0.0051023995639869705, 0.0061990443116970015, 0.006747412246004698, 0.00678326601015382, 0.007050838215120563, 0.00796651728164719, 0.006961527035205758, 0.007484409442576174, 0.009663872082864662, 0.008888599324117445, 0.008925582172069775, 0.008568099784053202, 0.009090296093031996, 0.004936267563775082, 0.007191278411439358, 0.007561253225853288, 0.0065187383398551905, 0.00912225074538252, 0.007973961199208963, 0.008274720706939994, 0.008183509699736377, 0.010068237056589819, 0.009430893795757768, 0.009581739520704395, 0.009095693285385016, 0.010551128543746836, 0.009143093326955431, 0.009471824819496063, 0.010322424146885934, 0.007470333558151613, 0.008460997730743323, 0.008687165848466996, 0.0073154804197237975, 0.007394645885663612, 0.008736165419189808, 0.006905664628348313, 0.010874680883414414, 0.009558483917702375, 0.01005359577732119, 0.012273564346226326, 0.011479276421327149, 0.010313760646032474, 0.008128789484606052], "mae": [0.044890571733960855, 0.07908036673792394, 0.10318418883184004, 0.13999148705983397, 0.18391524590450897, 0.2241897452831938, 0.21376460716918164, 0.2527133653102617, 0.29725981185352224, 0.31399921290173, 0.3733868193562313, 0.393142577280654, 0.4613771977448704, 0.49169736050902246, 0.5172989856191846, 0.5673033078169001, 0.5809795213228016, 0.6069198301790849, 0.6484789201436528, 0.7025480806245089, 0.7583249851351692, 0.7516713988067757, 0.7742684381659795, 0.7873570530020556, 0.8957002598434779, 0.9608876286273323, 0.9715946663946113, 0.9778564448658946, 0.9725449784568071, 0.9880319643527904, 1.0711482565857828, 1.039863579739728, 0.9147175837700304, 1.162695974290014, 1.2029954801581313, 1.1655930861830712, 1.2307603214726304, 1.2619108467074165, 1.2570493068013873, 1.3171907605358917, 1.3509950033255986, 1.3440446617054673, 1.3146311236564876, 1.3657149162208826, 1.3133630004687622, 1.4544172319410502, 1.3353372957921565, 1.4689504034895646, 1.474384960642871, 1.5628247888464677, 1.5947054983210085, 1.5883501392823678, 1.652842913977584, 1.659687035716109, 1.6261998357772827, 1.702104834147862, 1.8266506450150604, 1.6927814066598488, 1.577144290030575, 1.6798008289348918, 1.7423488108911247, 1.7154647265943352], "mean_q": [0.07187654633413662, 0.12291306705601447, 0.15679815411567688, 0.20127270178034387, 0.2549072463257203, 0.312336250972212, 0.28880497249824, 0.3341258621666139, 0.39279956006268574, 0.4143327674710794, 0.48681087700361114, 0.5115029238921436, 0.5903195978950303, 0.631010121627387, 0.6527282883261525, 0.7181549247654005, 0.7382626191039995, 0.764719116622987, 0.8182180599220488, 0.8849436913522913, 0.9445635065436363, 0.9393731229580365, 0.9722716579698536, 0.9868623324635983, 1.1214554874520553, 1.1934069591789997, 1.1995405806791062, 1.2114583575072824, 1.207600589048131, 1.2226806828316221, 1.3247872222394563, 1.2933216735464208, 1.1334830537242324, 1.435308013847488, 1.4831013985411832, 1.4372819021344185, 1.5144440961606576, 1.5484239063416307, 1.5478531652026706, 1.6264747181629164, 1.6685580822399684, 1.6569696093747717, 1.6272057094090742, 1.686012130348306, 1.62342257573952, 1.7914172662785133, 1.6573681264443505, 1.8116859826288725, 1.8211976232358154, 1.9303973281770643, 1.971857137529761, 1.9636606782201738, 2.033870806470949, 2.0439535075542974, 2.0105527090072632, 2.10197892746368, 2.238570055910336, 2.0888626525223697, 1.9584787132318129, 2.0719185730972947, 2.149152501498427, 2.1365305025508436], "mean_eps": [0.9745807500000001, 0.9614977499999999, 0.9470574999999996, 0.9323836249999996, 0.9110347499999999, 0.8947588750000003, 0.8845016250000001, 0.8676027499999996, 0.8494245000000002, 0.8356851249999999, 0.815037125, 0.7922308750000002, 0.773997, 0.7568200000000003, 0.7419013749999999, 0.7245686249999999, 0.7052667499999999, 0.6874556250000001, 0.6684430000000001, 0.6507876249999998, 0.6346118749999999, 0.6148538750000002, 0.5873862499999999, 0.5623883749999999, 0.5472583749999999, 0.5332965000000001, 0.5182332500000001, 0.502224375, 0.48834037500000016, 0.4753797499999997, 0.4579691250000003, 0.4299007500000001, 0.40568162499999993, 0.3896282500000002, 0.36772312499999993, 0.34798737500000027, 0.3335248749999999, 0.31857287499999987, 0.303954625, 0.2871113750000001, 0.26948937499999986, 0.24869674999999986, 0.22822674999999998, 0.20807937499999993, 0.18539550000000016, 0.16312324999999997, 0.1449338750000001, 0.12844662500000006, 0.10979000000000011, 0.10007290425531826, 0.10000000000000045, 0.10000000000000071, 0.10000000000000057, 0.09999999999999873, 0.10000000000000099, 0.10000000000000071, 0.09999999999999891, 0.09999999999999883, 0.10000000000000019, 0.09999999999999959, 0.09999999999999831, 0.09999999999999948], "episode_reward": [12.0, 11.0, 6.0, 12.0, 23.0, 4.0, 3.0, 14.0, 8.0, 6.0, 20.0, 10.0, 17.0, 6.0, 10.0, 12.0, 12.0, 11.0, 10.0, 6.0, 12.0, 12.0, 23.0, 10.0, 9.0, 7.0, 13.0, 11.0, 11.0, 10.0, 16.0, 22.0, 7.0, 13.0, 17.0, 8.0, 9.0, 9.0, 9.0, 15.0, 13.0, 19.0, 13.0, 20.0, 14.0, 21.0, 8.0, 16.0, 10.0, 10.0, 7.0, 4.0, 8.0, 13.0, 10.0, 5.0, 14.0, 19.0, 17.0, 12.0, 18.0, 9.0], "nb_episode_steps": [886, 791, 507, 812, 1107, 356, 566, 953, 681, 554, 1302, 748, 891, 653, 688, 870, 865, 736, 973, 614, 840, 936, 1533, 714, 646, 609, 745, 694, 554, 611, 954, 1569, 608, 835, 1134, 640, 660, 684, 630, 884, 700, 1169, 671, 1140, 899, 1103, 532, 950, 727, 893, 698, 378, 684, 969, 625, 385, 930, 949, 729, 811, 1070, 828], "nb_steps": [886, 1677, 2184, 2996, 4103, 4459, 5025, 5978, 6659, 7213, 8515, 9263, 10154, 10807, 11495, 12365, 13230, 13966, 14939, 15553, 16393, 17329, 18862, 19576, 20222, 20831, 21576, 22270, 22824, 23435, 24389, 25958, 26566, 27401, 28535, 29175, 29835, 30519, 31149, 32033, 32733, 33902, 34573, 35713, 36612, 37715, 38247, 39197, 39924, 40817, 41515, 41893, 42577, 43546, 44171, 44556, 45486, 46435, 47164, 47975, 49045, 49873], "episode": [0, 1, 2, 3, 4, 5, 6, 7, 8, 9, 10, 11, 12, 13, 14, 15, 16, 17, 18, 19, 20, 21, 22, 23, 24, 25, 26, 27, 28, 29, 30, 31, 32, 33, 34, 35, 36, 37, 38, 39, 40, 41, 42, 43, 44, 45, 46, 47, 48, 49, 50, 51, 52, 53, 54, 55, 56, 57, 58, 59, 60, 61], "duration": [198.6956218, 375.74214240000003, 241.43326709999997, 390.1651131000001, 527.7898819000002, 169.01254070000005, 268.0592068000001, 472.86810449999984, 359.36972860000014, 292.0260674000001, 665.7837591000002, 308.84534630000053, 379.8064437000003, 264.24566589999995, 274.9906393000001, 354.73582309999983, 350.12788249999994, 293.3553410000004, 353.7342437999996, 221.38115710000056, 303.01775870000074, 382.9494717000007, 718.1667072999999, 292.27011349999884, 267.82967499999904, 250.74856720000025, 281.6875970000001, 248.18676329999835, 211.95507520000137, 250.69565870000042, 372.8876287999992, 734.9003886999999, 276.03046449999965, 351.26746280000043, 442.2037065000004, 249.66441980000127, 263.3019112000002, 324.8306972999999, 297.1243938000007, 415.8978728000002, 330.07473160000154, 550.0553271999997, 315.8716781000003, 536.7179629999991, 379.8217153000005, 441.89170540000123, 213.8433541000013, 381.11481899999853, 291.7295617999989, 360.6216738999974, 281.50871259999985, 152.57229850000294, 275.7109735000013, 389.2692167000023, 250.44467169999916, 154.9453945000023, 373.70025520000127, 380.1198965000003, 292.26949740000055, 326.23058330000276, 429.8806876999988, 333.57488100000046]}