{"loss": [0.0063194159253422795, 0.005306307742096494, 0.005751257596384233, 0.005836638181167101, 0.006156768951669235, 0.005932735980157607, 0.005047518820605866, 0.005820191339751184, 0.0083373002174957, 0.011036771301941075, 0.008064704284537299, 0.009384921327966908, 0.007772780763997025, 0.00670693943108318, 0.0054002654909489495, 0.004120302052812155, 0.004244604722132299, 0.007036961818213218, 0.0066006908112579265, 0.006322002800948966, 0.008322488288459039, 0.008593856938089848, 0.007546307329953364, 0.007932403338442844, 0.007604946231998111, 0.0091484880630314, 0.008251693847210546, 0.0074393177296054915, 0.009351461918930165, 0.008209303489167302, 0.007315081573908546, 0.010111730838708363, 0.010806478424939191, 0.00781078479734228, 0.01005449350548871, 0.008077073969022892, 0.007839282043134138, 0.0073646336666991375, 0.007364263969261978, 0.007097389568826677, 0.0068573208033263335, 0.00866403434293841, 0.009641861682210526, 0.006710240625107757, 0.007713157777721062, 0.011681068752582896, 0.011666861015163408, 0.010613873221163557, 0.01114986834751575, 0.01207179395939226, 0.010121927560742164, 0.008902860098706052, 0.011243693832291615, 0.010597662068350142, 0.009281231473219574, 0.009425048902028658, 0.011408898944261003, 0.010035896062729916, 0.007639977307084835, 0.0076155688533173825, 0.0068966997348716575, 0.007811345686752297], "mae": [0.14393925666809082, 0.15021786353953764, 0.19320296256644992, 0.22677476299176094, 0.24000262204093412, 0.3224280192516744, 0.36716369979663266, 0.4023691381041835, 0.41423061830906577, 0.4486202143698975, 0.48314401369100674, 0.5250534244621073, 0.5697888035063792, 0.5960080945109487, 0.6225965844104754, 0.6468732729796867, 0.6548753495576385, 0.6380231909015599, 0.6182719261668692, 0.7077937160623017, 0.7593837891958682, 0.8563318806634822, 0.9251893737608351, 1.0268766545412833, 1.0484443147779499, 1.0083784112696639, 0.9352449091132155, 1.0413392167677853, 1.1002182119779966, 1.0863634232956052, 1.0375514461225368, 1.0787897151628327, 0.9333610058089586, 0.9604626732091914, 1.3262042329704966, 1.2779591168072206, 1.3470519642428596, 1.4973968599960066, 1.4119474508823493, 1.229952971865661, 1.470771145513201, 1.4973768886691796, 1.4647932875771292, 1.325681962276417, 1.4026273372650147, 1.531485991930603, 1.417598712912109, 1.5902718662856572, 1.6849680448259625, 1.5911342696236461, 1.7257071896798193, 1.675549291580626, 1.645003678303974, 1.7226456204294704, 1.7658234155815067, 1.7759626908059583, 1.843394508606076, 1.5677921942956317, 1.7364160858159858, 1.899842375638084, 1.7180797182751022, 1.638001628449783], "mean_q": [0.19381247295273674, 0.2020785794824573, 0.2600376216071503, 0.30540861732948577, 0.31451916869016405, 0.41570270678494126, 0.4678406835632984, 0.5108062214354184, 0.5340448076948742, 0.5812153211293739, 0.6188051732977959, 0.6712029504639502, 0.7153341786227242, 0.7451902070128883, 0.7806852747929977, 0.803665165598307, 0.8096338533473493, 0.7989156247061842, 0.7747910229203095, 0.8823015287589123, 0.9489348646476959, 1.0759187659747165, 1.1469820104240689, 1.2710032185217492, 1.293115082269482, 1.2475229433573742, 1.1569640094932823, 1.283749528619695, 1.3526412284171039, 1.3337812934758677, 1.2789981528237893, 1.3327942972231392, 1.1613620087914114, 1.1893865206938845, 1.6354306374148129, 1.5695832745121443, 1.6525500711828176, 1.8317839067846367, 1.7305036511176672, 1.515477327824799, 1.8075528138004948, 1.8419152515377113, 1.8048830744430746, 1.6283620247423976, 1.7238793201446534, 1.887469204856937, 1.7532808793575096, 1.9613008538642562, 2.0686362468174524, 1.962602449566662, 2.124325913056142, 2.0588739863009127, 2.03062593524669, 2.120759804439182, 2.1731590846112665, 2.1855795312984823, 2.2678167047373172, 1.9356268174211744, 2.153127916874065, 2.3491929878589186, 2.119913950512305, 2.024306133990231], "mean_eps": [0.9786636250000001, 0.9721888750000001, 0.9540439999999999, 0.9255528749999998, 0.9016118750000003, 0.8857476249999999, 0.8694828749999998, 0.8549870000000003, 0.8406246249999999, 0.8255724999999999, 0.80899625, 0.7940553750000002, 0.7816176250000001, 0.7673776250000001, 0.7531153749999999, 0.7396541250000002, 0.72560325, 0.703253125, 0.673927625, 0.6479952499999999, 0.6275475, 0.6140973750000002, 0.599646, 0.5854949999999999, 0.5743477500000003, 0.5615095000000002, 0.5467466249999999, 0.5277117500000003, 0.5094778750000001, 0.4894751249999999, 0.46843774999999993, 0.446354625, 0.41776337499999994, 0.3922315000000003, 0.37034862499999993, 0.35391700000000015, 0.34471662499999983, 0.3343592500000003, 0.3111413750000001, 0.28464162500000006, 0.267731625, 0.25067700000000004, 0.22801537500000008, 0.21057137500000006, 0.19954650000000007, 0.180756375, 0.16069800000000006, 0.14508962500000006, 0.1279682500000001, 0.11390625000000007, 0.1029121415960449, 0.0999999999999995, 0.10000000000000048, 0.10000000000000091, 0.10000000000000085, 0.10000000000000098, 0.09999999999999908, 0.0999999999999998, 0.10000000000000055, 0.09999999999999827, 0.09999999999999791, 0.0999999999999977], "episode_reward": [7.0, 5.0, 15.0, 23.0, 6.0, 10.0, 9.0, 10.0, 20.0, 10.0, 18.0, 6.0, 9.0, 9.0, 2.0, 4.0, 9.0, 15.0, 21.0, 19.0, 15.0, 5.0, 13.0, 6.0, 7.0, 10.0, 8.0, 15.0, 10.0, 16.0, 15.0, 22.0, 34.0, 16.0, 17.0, 7.0, 4.0, 3.0, 26.0, 9.0, 11.0, 14.0, 20.0, 5.0, 7.0, 24.0, 15.0, 12.0, 18.0, 3.0, 9.0, 17.0, 14.0, 6.0, 10.0, 4.0, 17.0, 11.0, 5.0, 10.0, 19.0, 13.0], "nb_episode_steps": [519, 564, 1067, 1494, 658, 768, 694, 609, 682, 671, 819, 524, 594, 686, 596, 614, 649, 1360, 1276, 1055, 783, 426, 873, 399, 603, 551, 776, 935, 704, 1094, 797, 1188, 1382, 913, 1054, 423, 404, 527, 1560, 822, 698, 835, 1202, 366, 625, 1064, 739, 664, 875, 389, 708, 824, 694, 526, 655, 609, 898, 781, 686, 1082, 1188, 1265], "nb_steps": [519, 1083, 2150, 3644, 4302, 5070, 5764, 6373, 7055, 7726, 8545, 9069, 9663, 10349, 10945, 11559, 12208, 13568, 14844, 15899, 16682, 17108, 17981, 18380, 18983, 19534, 20310, 21245, 21949, 23043, 23840, 25028, 26410, 27323, 28377, 28800, 29204, 29731, 31291, 32113, 32811, 33646, 34848, 35214, 35839, 36903, 37642, 38306, 39181, 39570, 40278, 41102, 41796, 42322, 42977, 43586, 44484, 45265, 45951, 47033, 48221, 49486], "episode": [0, 1, 2, 3, 4, 5, 6, 7, 8, 9, 10, 11, 12, 13, 14, 15, 16, 17, 18, 19, 20, 21, 22, 23, 24, 25, 26, 27, 28, 29, 30, 31, 32, 33, 34, 35, 36, 37, 38, 39, 40, 41, 42, 43, 44, 45, 46, 47, 48, 49, 50, 51, 52, 53, 54, 55, 56, 57, 58, 59, 60, 61], "duration": [10.799757900000031, 203.79222820000007, 393.7532884000001, 541.6386459999999, 235.42443179999987, 282.73689969999987, 251.9360542999998, 225.51231210000014, 243.5873875999996, 237.49679969999988, 306.22616119999975, 177.04555649999975, 206.59916470000007, 244.07082029999992, 206.18480490000002, 227.08928469999955, 229.6959568000002, 465.4511349000004, 466.7718599, 359.04253189999963, 262.95123220000005, 143.59835530000055, 293.43712739999955, 134.1921413, 202.46726039999976, 185.24273410000023, 261.9895649, 314.29618909999954, 236.4526548999993, 366.892406500001, 267.14580079999905, 399.1438276000008, 517.4858904000012, 305.33313759999874, 353.9560658999999, 141.89730969999982, 135.88096159999986, 177.19869719999951, 532.8776233999997, 276.7740453000006, 236.05069250000088, 281.9382532999989, 407.6227008999995, 123.44066960000055, 210.2276772999994, 357.4415900999993, 248.79950810000082, 222.93440259999988, 293.78606729999956, 131.7994122, 243.8089731, 316.079939700001, 253.52179369999976, 177.72769100000005, 224.35856200000126, 217.61164710000048, 323.8872167999998, 271.0140650000012, 232.11479770000187, 365.2474828000013, 401.2965108999997, 494.1821913999993]}